{"cameraMode":{"drawMode":0,"name":"Shaded","section":"Shading Mode"},"sceneLighting":false,"audioPlay":false,"sceneViewState":{"m_AlwaysRefresh":false,"showFog":false,"showSkybox":false,"showFlares":false,"showImageEffects":false,"showParticleSystems":false,"showVisualEffectGraphs":true,"m_FxEnabled":true},"in2DMode":false,"pivot":{"x":0.02179872989654541,"y":1.052929162979126,"z":0.19333547353744508},"rotation":{"x":-0.24201244115829469,"y":0.11811833828687668,"z":-0.02969755418598652,"w":-0.9626033306121826},"size":1.6141327619552613,"orthographic":false}