{"cameraMode":{"drawMode":0,"name":"Shaded","section":"Shading Mode"},"sceneLighting":true,"audioPlay":false,"sceneViewState":{"m_AlwaysRefresh":false,"showFog":true,"showSkybox":true,"showFlares":true,"showImageEffects":true,"showParticleSystems":true,"showVisualEffectGraphs":true,"m_FxEnabled":true},"in2DMode":false,"pivot":{"x":1.1920928955078126e-7,"y":0.4425201714038849,"z":-0.003697901964187622},"rotation":{"x":-0.24201244115829469,"y":0.11811833828687668,"z":-0.02969755418598652,"w":-0.9626033306121826},"size":0.6876086592674255,"orthographic":false}