{"cameraMode":{"drawMode":0,"name":"Shaded","section":"Shading Mode"},"sceneLighting":true,"audioPlay":false,"sceneViewState":{"m_AlwaysRefresh":false,"showFog":true,"showSkybox":true,"showFlares":true,"showImageEffects":true,"showParticleSystems":true,"showVisualEffectGraphs":true,"m_FxEnabled":true},"in2DMode":false,"pivot":{"x":-1.3075165748596192,"y":-3.4433045387268068,"z":-3.0722994804382326},"rotation":{"x":-0.24201244115829469,"y":0.11811833828687668,"z":-0.02969755418598652,"w":-0.9626033306121826},"size":13.400228500366211,"orthographic":false}